"Time","vaporwave","aesthetic","aesthetics"
"2004-01-01",0,2,2
"2004-02-01",0,3,2
"2004-03-01",0,3,3
"2004-04-01",0,3,2
"2004-05-01",0,3,2
"2004-06-01",0,2,2
"2004-07-01",0,2,2
"2004-08-01",0,2,2
"2004-09-01",0,2,2
"2004-10-01",0,3,2
"2004-11-01",0,3,2
"2004-12-01",0,2,2
"2005-01-01",0,2,2
"2005-02-01",0,3,2
"2005-03-01",0,3,2
"2005-04-01",0,3,2
"2005-05-01",0,3,2
"2005-06-01",0,2,2
"2005-07-01",0,2,2
"2005-08-01",0,2,2
"2005-09-01",0,2,2
"2005-10-01",0,3,2
"2005-11-01",0,3,2
"2005-12-01",0,3,2
"2006-01-01",0,4,2
"2006-02-01",0,3,2
"2006-03-01",0,4,2
"2006-04-01",0,4,2
"2006-05-01",0,4,2
"2006-06-01",0,4,1
"2006-07-01",0,3,1
"2006-08-01",0,3,1
"2006-09-01",0,3,2
"2006-10-01",0,3,2
"2006-11-01",0,3,2
"2006-12-01",0,3,2
"2007-01-01",0,3,2
"2007-02-01",0,3,2
"2007-03-01",0,3,2
"2007-04-01",0,3,2
"2007-05-01",0,3,2
"2007-06-01",0,3,2
"2007-07-01",0,3,2
"2007-08-01",0,3,2
"2007-09-01",0,3,2
"2007-10-01",0,3,2
"2007-11-01",0,3,2
"2007-12-01",0,3,2
"2008-01-01",0,3,2
"2008-02-01",0,3,2
"2008-03-01",0,3,2
"2008-04-01",0,3,2
"2008-05-01",0,3,2
"2008-06-01",0,3,2
"2008-07-01",0,2,1
"2008-08-01",0,2,2
"2008-09-01",0,3,2
"2008-10-01",0,2,2
"2008-11-01",0,3,2
"2008-12-01",0,2,2
"2009-01-01",0,3,2
"2009-02-01",0,3,2
"2009-03-01",0,3,2
"2009-04-01",0,3,2
"2009-05-01",0,2,2
"2009-06-01",0,2,1
"2009-07-01",0,2,1
"2009-08-01",0,2,1
"2009-09-01",0,3,2
"2009-10-01",0,2,2
"2009-11-01",0,3,2
"2009-12-01",0,2,1
"2010-01-01",0,2,2
"2010-02-01",0,2,2
"2010-03-01",0,3,2
"2010-04-01",0,3,2
"2010-05-01",0,3,2
"2010-06-01",0,2,2
"2010-07-01",0,2,1
"2010-08-01",0,2,1
"2010-09-01",0,3,2
"2010-10-01",0,3,2
"2010-11-01",0,3,2
"2010-12-01",0,2,2
"2011-01-01",0,3,2
"2011-02-01",0,3,2
"2011-03-01",0,3,2
"2011-04-01",0,3,2
"2011-05-01",0,3,2
"2011-06-01",0,3,2
"2011-07-01",0,2,2
"2011-08-01",0,3,2
"2011-09-01",0,3,2
"2011-10-01",0,3,2
"2011-11-01",0,3,2
"2011-12-01",0,2,2
"2012-01-01",0,3,2
"2012-02-01",0,3,2
"2012-03-01",0,3,2
"2012-04-01",0,3,2
"2012-05-01",0,3,2
"2012-06-01",0,3,2
"2012-07-01",0,2,2
"2012-08-01",0,3,2
"2012-09-01",0,3,2
"2012-10-01",0,3,2
"2012-11-01",0,3,2
"2012-12-01",0,2,2
"2013-01-01",0,3,2
"2013-02-01",0,3,2
"2013-03-01",0,3,2
"2013-04-01",0,3,2
"2013-05-01",0,3,2
"2013-06-01",0,3,2
"2013-07-01",0,3,2
"2013-08-01",0,3,2
"2013-09-01",0,3,2
"2013-10-01",0,3,2
"2013-11-01",0,3,2
"2013-12-01",0,3,2
"2014-01-01",0,3,2
"2014-02-01",0,3,2
"2014-03-01",0,3,2
"2014-04-01",0,3,3
"2014-05-01",0,3,3
"2014-06-01",0,3,2
"2014-07-01",0,3,2
"2014-08-01",0,3,2
"2014-09-01",0,3,3
"2014-10-01",0,3,2
"2014-11-01",0,3,2
"2014-12-01",0,3,2
"2015-01-01",0,4,2
"2015-02-01",0,4,2
"2015-03-01",0,4,2
"2015-04-01",0,4,2
"2015-05-01",0,4,2
"2015-06-01",0,4,2
"2015-07-01",0,4,2
"2015-08-01",0,4,2
"2015-09-01",0,5,2
"2015-10-01",1,5,2
"2015-11-01",1,5,2
"2015-12-01",1,5,2
"2016-01-01",1,5,2
"2016-02-01",1,6,2
"2016-03-01",1,6,2
"2016-04-01",1,6,3
"2016-05-01",1,6,2
"2016-06-01",1,7,2
"2016-07-01",1,7,2
"2016-08-01",1,7,2
"2016-09-01",1,8,3
"2016-10-01",1,7,2
"2016-11-01",1,8,3
"2016-12-01",1,8,2
"2017-01-01",1,9,3
"2017-02-01",1,9,3
"2017-03-01",1,9,3
"2017-04-01",1,10,3
"2017-05-01",1,10,3
"2017-06-01",1,10,3
"2017-07-01",1,10,3
"2017-08-01",1,11,3
"2017-09-01",1,11,3
"2017-10-01",1,12,3
"2017-11-01",1,12,3
"2017-12-01",1,12,3
"2018-01-01",1,13,3
"2018-02-01",1,13,3
"2018-03-01",1,14,3
"2018-04-01",1,14,3
"2018-05-01",1,15,3
"2018-06-01",1,15,3
"2018-07-01",1,16,3
"2018-08-01",1,16,3
"2018-09-01",1,16,3
"2018-10-01",1,16,3
"2018-11-01",1,17,3
"2018-12-01",1,18,3
"2019-01-01",1,19,3
"2019-02-01",1,20,4
"2019-03-01",1,21,4
"2019-04-01",1,20,4
"2019-05-01",1,21,4
"2019-06-01",1,23,3
"2019-07-01",1,24,4
"2019-08-01",1,24,4
"2019-09-01",1,23,4
"2019-10-01",1,22,3
"2019-11-01",1,24,4
"2019-12-01",1,26,3
"2020-01-01",1,31,4
"2020-02-01",1,33,4
"2020-03-01",1,42,4
"2020-04-01",1,48,4
"2020-05-01",1,52,4
"2020-06-01",1,52,5
"2020-07-01",1,63,5
"2020-08-01",1,55,5
"2020-09-01",1,100,6
"2020-10-01",1,68,5
"2020-11-01",1,68,4
"2020-12-01",1,76,5
"2021-01-01",1,83,4
"2021-02-01",1,83,5
"2021-03-01",1,82,5
"2021-04-01",1,76,5
"2021-05-01",1,80,5
"2021-06-01",1,76,5
"2021-07-01",1,83,5
"2021-08-01",1,83,5
"2021-09-01",0,77,5
"2021-10-01",0,79,5
"2021-11-01",0,78,5
"2021-12-01",0,82,5
"2022-01-01",1,90,5
"2022-02-01",1,90,5
"2022-03-01",1,81,6
"2022-04-01",1,87,6
"2022-05-01",1,83,5
"2022-06-01",1,83,5
"2022-07-01",1,81,5
"2022-08-01",0,81,5
"2022-09-01",0,83,6
"2022-10-01",0,78,6
"2022-11-01",0,73,5
"2022-12-01",0,74,5
"2023-01-01",0,77,6
"2023-02-01",0,76,6
"2023-03-01",0,73,6
"2023-04-01",0,70,6
"2023-05-01",0,66,6
"2023-06-01",0,73,6
"2023-07-01",0,73,6
"2023-08-01",0,68,6
"2023-09-01",0,68,6
"2023-10-01",0,65,6
"2023-11-01",0,62,6
"2023-12-01",0,65,6
"2024-01-01",0,63,7
"2024-02-01",0,56,7
"2024-03-01",0,53,7
"2024-04-01",0,53,7
"2024-05-01",0,52,7
"2024-06-01",0,49,7
"2024-07-01",0,46,7
"2024-08-01",0,48,7
"2024-09-01",0,48,7
"2024-10-01",0,44,7
"2024-11-01",0,45,7
"2024-12-01",0,45,7
"2025-01-01",0,48,7
"2025-02-01",0,44,8
"2025-03-01",0,45,8
"2025-04-01",0,42,8
"2025-05-01",0,43,9
"2025-06-01",0,44,8
"2025-07-01",0,42,8
"2025-08-01",0,50,10
"2025-09-01",0,48,10
"2025-10-01",0,46,10
"2025-11-01",0,49,11
"2025-12-01",0,49,11
"2026-01-01",0,50,12
"2026-02-01",1,61,14
"2026-03-01",0,51,12
"2026-04-01",1,54,14
"2026-05-01",1,63,16
"2026-06-01",0,48,11